Pavan,Kumar,pavan@gmail.com,25-11-1997,ChowdaryStreet,Guntur,416067
Noelle,Kyndred,nkyndred1@yellowbook.com,25-11-1998,Street,City,225451
Inga,Stuchburie,istuchburie2@usa.gov,25-11-1999,Street,City,212121
Maryl,Sleath,msleath3@ucsd.edu,25-11-2000,Street,City,555555
Grace,Denis,gdenis4@craigslist.org,25-11-2001,Street,City,545454
Shani,Gage,sgage5@unesco.org,25-11-2002,Street,City,5442545
Colas,MacDonell,cmacdonell6@digg.com,25-11-2003,Street,City,545454
Robenia,Keelan,rkeelan7@yandex.ru,25-11-2004,Street,City,301767
Elvyn,Saye,esaye8@harvard.edu,25-11-2005,Street,City,215564
Bunni,Lumbley,blumbley9@networkadvertising.org,25-11-2006,Street,City,545454
Jacky,McGaffey,jmcgaffeya@usa.gov,25-11-2007,Street,City,121212
Diena,Corn,dcornb@ebay.com,25-11-2008,Street,City,121545
Marjorie,Ruddock,mruddockc@1und1.de,25-11-2009,Street,City,325694
Tobye,Cohn,tcohnd@youku.com,25-11-2010,Street,City,854656
Kathy,Vaskin,kvaskine@fotki.com,25-11-2011,Street,City,545487
Bertie,Dobrovsky,bdobrovskyf@tamu.edu,25-11-2012,Street,City,4546465
Crysta,Beernt,cbeerntg@hhs.gov,25-11-2013,Street,City,215454
Paolo,Lythgoe,plythgoeh@jimdo.com,25-11-2014,Street,City,515454
Gannon,Haile,ghailei@miibeian.gov.cn,25-11-2015,Street,City,212152
Lyle,Harle,lharlej@godaddy.com,25-11-2016,Street,City,121512
